Country,GroupCount_CountrySums,sum_msy,sum_catch0,sum_DeltaRawBio_F1,sum_DeltaRawF_F1,sum_DeltaProfits_F1,sum_DeltaYields_F1,GroupCount_CountryMeans,mean_msy,mean_b0,mean_f0,mean_y0,mean_PercBio_F1,mean_PercF_F1,mean_PercProfits_F1,mean_PercYields_F1,GroupCount_CountryMatrix,median_msy,median_b0,median_f0,median_y0,median_PercBio_F1,median_PercF_F1,median_PercProfits_F1,median_PercYields_F1,GroupCount_CountrySD,std_msy,std_b0,std_f0,std_y0,std_PercBio_F1,std_PercF_F1,std_PercProfits_F1,std_DeltaRawBio_F1,std_DeltaRawF_F1,std_DeltaProfits_F1,std_PercYields_F1,std_DeltaYields_F1
Multinational,217,4891372.28963283,3782413.1139,7407299.16009123,-2.76401226762598,1933319312.66426,591652.007651494,217,22540.8861273402,0.64229425262212,1.0010871831265,1.38973159502282,66.7064198321022,2796.60148428393,199529910953.534,1549.39613432748,217,1424.0345945234,0.62771,0.963036668435169,0.635780525835995,8.62662536447854,-6.39079287974936,50.0804257184907,26.0581557691055,217,97914.971926326,0.197251769935993,0.559540979104135,5.21793063015526,138.11420774892,22028.0120248216,1269613382379.53,253515.571334225,0.0641406692053463,32701777.7445147,12070.1265749391,8094.43700891394
USA,73,674760.422762907,487728.8520973,300250.14424719,-1.86411039739171,657857925.769311,124798.82949921,73,9243.29346250558,0.527747412,1.2131722366931,1.14662632370129,139.479047018086,285.981424401428,403145006637.246,221.887170290286,73,391,0.459581408,1.30721251359961,0.547821529484987,44.5773700917061,-24.4825844660133,212.976124147108,64.4650964082159,73,31085.4761059326,0.252456808573776,0.65378669899341,3.40078727625394,201.421519307149,1199.29983160056,2256043930603.39,83066.8433314006,0.0606159574715208,31144759.4399882,643.559603447896,5318.32662662516
Japan,24,591688.669310465,421636.5,883772.176247006,0.228158278820725,848009255.235623,155717.790728744,24,24653.6945546027,0.532751666666667,0.778241124923506,0.418034129732511,44.5531092023011,4284.10338489676,134211084656.043,2545.82836351,24,5827.73034838647,0.559025,0.594693656247593,0.296777417229734,-18.6670634359714,88.6189546545874,309.62607525584,99.5958360749799,24,48459.0092532948,0.19811974566708,0.730922641515972,0.409264806693228,135.287067297453,13022.2964084729,515996865430.122,302908.529573803,0.0569797946432165,82376391.7952174,7754.46444840027,11370.0693013727
Russia,17,580559.453393613,463755,238501.980494374,0.0617285383453282,274098647.359105,40119.5890349659,17,34150.5560819772,0.555312166235294,0.843456037351249,0.509380815393866,58.7623800032458,3403.27089490173,871020393491.131,1798.48735552691,17,957.063012092872,0.48511,0.880289227896464,0.470549699066311,2.66707244368567,-2.63252677141991,106.709405749023,82.9802316823817,17,117431.066493883,0.24101097923653,0.686659746648975,0.468661203471877,156.739629607815,11738.2615091021,3537296892804.92,84310.9950109223,0.0722247906053645,42935731.8730633,6033.41180508877,7959.17464876354
China,3,393756.471573622,525867,2650135.89378297,-0.287985233373438,1426289620.46099,220183.382863803,3,131252.157191207,0.536683333333333,1.89499827298858,1.17443072734573,317.463646697038,-45.2035173767098,42388717218418,125.949045330022,3,80552.9691857792,0.40872,1.9,1.16002874762156,367.393862258948,-47.1800239589934,25452886365621.8,139.269325152186,3,90276.1734101524,0.263828147917036,0.00866324530937483,0.402127051692963,86.6830609947133,4.92498316636118,30986603976822.6,332233.752059255,0.0554197085358273,357002771.263127,29.9030658043813,55181.6987415287
EU,333,268890.346163583,173094,258813.846972478,-5.99227042853926,443499277.446461,96231.2755761958,333,807.478517007756,0.485935915915916,1.11079405350863,0.613342921673757,112.758901526762,330.680197343162,31326686102.5982,235.94691903786,333,184.481912064913,0.46903,1.13785016659414,0.547292779967557,33.9118583043095,-17.451219788442,167.75504230177,61.3558139367062,333,1626.5881886462,0.203266338080173,0.64336241850949,0.498223212822508,175.862671382792,1461.50602739198,110103208408.046,13352.3974348139,0.0588909490138725,3035157.86444331,754.163224573519,699.375980327199
Un. Sov. Soc. Rep.,27,233557.060572152,122697,432597.978179822,0.140055996486995,596494519.095906,107446.159594246,27,8650.26150267231,0.363917407407407,0.873967547894136,0.356552475146746,114.166747076289,1405.39012634341,1182220514305.2,1105.9402891988,27,4199.15596942214,0.30004,0.552942500542032,0.258878025856045,-7.90677689473653,87.5200390452187,241.27648443946,115.36275829234,27,13279.9044565561,0.222054454761969,0.747057992239096,0.382291689368613,262.591365353369,4105.80880002676,4311428066144.6,105488.665363304,0.0652366961658714,55369248.1353579,3582.75604357247,6018.86338746801
Indonesia,8,153174.820710638,166630,342058.192603613,-0.466975829195301,188748446.127898,34596.2475033713,8,19146.8525888298,0.69671625,1.57325306937487,1.31780894219479,173.444645235435,-27.3085718141215,1236538223710.43,66.9912499973199,8,10514.7277865037,0.70962,1.77546193729103,1.37867300179691,176.78824210683,-42.9118551849478,899.970121780044,57.7296373525427,8,27536.1464821204,0.17068990554616,0.464809001538469,0.61738081174705,140.337713516966,30.5456538609159,2506066991792.01,53238.4608126842,0.0584603090541408,26569951.3803453,47.7240539772412,3723.35111444235
Argentina,15,150112.058071407,354968,79810.1002337701,-0.511251119679749,88644605.4134944,22610.8412953847,15,10007.4705380938,0.529645969333333,1.41303379412035,17.0189510725822,152.697687741131,2.88821858834851,16546659414.9833,72.0552557154462,15,2628.50070574523,0.52287,1.72121945878678,1.00847969309777,157.309578327927,-35.929427275345,690.531085002248,59.6997313738219,15,22394.6762328596,0.193279435291932,0.582141771645354,46.1127717826689,186.753014287795,82.0852370530866,46113780613.3874,55516.5434625276,0.0482579715125126,9773012.05499312,60.168923051497,1887.51021483754
Korea, Republic of,16,149712.665169329,88729,352171.619033754,-0.407754191249977,221546242.556212,46798.863430978,16,9357.04157308307,0.58650625,1.21849713490211,0.714663217261794,98.8676238831158,3658.18206066668,270288487881.479,2222.1150970132,16,2860.81647752817,0.51171,1.18717874336896,0.785108630390619,36.7625993508555,-25.2745868372688,83.8702356622681,31.5570041074453,16,16853.2811550018,0.243729342177616,0.583481025785252,0.378709051930009,130.310903922089,14671.7722144305,567582580888.493,85076.168335064,0.042387209952912,24411737.4332223,8701.33033962505,7004.81216667994
Taiwan Province of China,16,84247.1464311295,59830,-79282.5162994852,-0.0166611841788851,141698171.433215,30861.5186317741,16,5265.44665194559,0.461083125,0.987899479284869,0.561750287118254,67.3286689180353,71.3654883444229,486151582980.157,83.0228711086565,16,4788.59503656098,0.354785,0.817654356841157,0.325321864531507,4.06404668641382,28.688186323401,68.1414505593513,62.7177592397777,16,4912.86705853317,0.266555453885772,0.610275896942518,0.608815667219884,137.548916768577,136.843034820077,1216582499544.46,61718.5971073935,0.042465695980713,12441167.399033,69.0539023183493,1633.92994283313
Brazil,13,70888.8827738624,73372,336907.016011883,-0.475630099443694,115580943.660953,17447.8125141153,13,5452.9909826048,0.493556923076923,1.41484296323856,0.721197583372546,168.855145762282,6.72406243902514,183355460730.352,97.9089472980739,13,768.004832118236,0.43788,1.57130302932546,0.68804217048103,96.1883876164781,-27.1494411894769,160.624964608195,42.9243366999594,13,11490.3357610027,0.264839033011394,0.544818560432098,0.479867542242002,195.655731042726,89.4185392834433,566407318408.687,54082.9195642503,0.060787206547022,15536415.8540755,85.0735091892573,2218.03883527972
India,3,43160.2095678366,48763,242813.496437209,-0.227928623952969,91537278.2642665,13620.6143885197,3,14386.7365226122,0.609733333333333,1.714728186191,1.3418268100659,220.68668812629,-37.6851275396948,2051408986987.27,85.3645095655642,3,10448.2996321174,0.54259,1.9,0.928954982317351,213.095249039966,-39.6413435233214,3071062604514.4,88.9800858128342,3,7855.27955779508,0.276058487703844,0.320900194727629,0.893577073544364,171.462264812336,12.846151222205,1776582600634.19,36166.2400769118,0.0703978870737819,5971188.84039849,67.1973328782005,1145.8657639379
#N/A,3,35067.8001302151,11754,-62329.8993297632,0.00258484486479337,27433234.8969405,12237.0630459978,3,11689.2667100717,0.393523358,0.982219381772529,0.421788332967348,135.021485428588,35.5039126959132,565622307991.188,96.9190699372914,3,9629.73743426289,0.466237449,0.551033618183366,0.258706245803998,-19.7645505848467,61.3447946614523,21.1367113892522,47.7390486261271,3,7439.47739238488,0.176434574370448,0.795304023149777,0.28402129893092,269.438441474237,68.904624733675,979686575308.08,77665.5762032588,0.0468646023593178,11233923.6879623,101.428925190043,2144.51585353222
Iran (Islamic Rep. of),15,35028.769930406,26091,151621.201934365,-1.20307403315195,74324065.4543874,11314.6968376078,15,2335.25132869373,0.446579333333333,1.67116996108449,0.800797498021774,261.810725679331,-38.0790068540231,318111044903.252,107.348322313145,15,1762.96849166949,0.43608,1.8508089856673,0.744961447183503,308.781053050677,-43.2538576284507,275652.110983108,127.543747221475,15,1999.78210388321,0.195554930517039,0.291809238369916,0.313260013719884,175.737619735427,11.3532830746254,500017152372.557,9829.6113282087,0.0304843590061512,5060085.40909768,80.1086481810373,823.943191145267
Nigeria,6,33967.1314703564,30660,222856.801174846,-0.226403694563397,89731025.8510467,12674.6627726027,6,5661.18857839274,0.535306666666667,1.5332318190154,0.85257625243806,153.769949304926,-19.9240106311845,1237823453200.8,63.9509695705837,6,4192.23302004135,0.489045,1.69466903962107,0.937969502517497,170.93004513942,-41.4437811762317,334714738050.728,61.1011464906493,6,5833.74083349534,0.17679782992635,0.511589762743641,0.219103304457926,123.760431084671,48.3737005774524,2040803205057.91,50613.0363967643,0.0359161196272803,21322173.0309913,44.3872992098244,3272.12060102924
Thailand,12,28647.1032410563,13980,43433.5582725834,-0.0830086518166838,29409811.0970738,5751.8506452377,12,2387.25860342136,0.453384166666667,0.964322010630272,0.417413893674143,54.6375334968017,93.4882072862257,376.845384353156,85.4691992795552,12,1717.14573979573,0.355465,0.902123380464584,0.460839057915512,12.3298875041667,-7.65507223865858,74.645063795469,37.4911063515876,12,2165.49009678532,0.234121344740027,0.552727570930406,0.230252363972788,100.128442373827,265.287531571997,731.355214988162,12943.6884174853,0.0521106298698819,3874949.39712866,129.191578571483,631.269181688194
Chile,13,26760.9283523957,14121,-20880.8322220429,0.10238213997624,18957586.7292148,5643.52868492625,13,2058.53295018428,0.473305384615385,0.972225269569048,0.435771581633793,64.9603435117664,116.92272480151,50202549691.0242,105.152231454405,13,1274.340686362,0.514,0.923489001375195,0.483863308453665,3.55295596211325,22.2559499482141,75.4480414736436,74.754531396689,13,2548.20950563157,0.229290977058096,0.603723796549737,0.246495611096576,148.386216489093,268.030128523432,118037883920.364,14514.3062220986,0.0305617042269865,1621762.11374164,129.293489803388,445.224913209911
Canada,10,23874.561803352,18124.5,91371.1127940182,-0.0290498076788698,36561898.2112691,7998.4769207605,10,2387.4561803352,0.4890621627,0.988081325048917,0.525394101234775,84.1189463177817,69.9856567960579,69864050626.868,89.9483173287921,10,1870.1565219898,0.48499,0.734927774335765,0.447129884777049,-7.05088869710808,30.6142836624634,116.634611878538,85.6000994506159,10,2097.85880013996,0.231102847032876,0.695005529741068,0.440236995990955,157.900409142342,119.636220006522,212319437193.125,24001.8557378459,0.0483509730238481,4860396.47095515,66.3748447660986,759.113227608048
Ghana,6,23676.4486778768,22861,102649.714040736,-0.0415874408796399,39820679.3163595,6200.54371227409,6,3946.07477964613,0.45647,1.14173170609454,0.803547382262959,74.6901940720162,37.52762439129,19774050502.8471,57.5712168005794,6,764.330001202959,0.42169,1.13393787324883,0.488650089143263,53.162068192623,1.31710689030288,137.916736461734,59.1763093598794,6,5936.0512930933,0.211082950614208,0.663973873977787,0.883702078340481,117.689817655189,101.742116595322,48436333567.8351,50699.1636970583,0.0447064585784186,14362847.8499881,32.2585601506605,1915.13223004067
Ukraine,11,21897.1824655874,15875,79643.8611553007,-0.416053855691273,36740280.2033278,3438.34842877312,11,1990.65295141704,0.489948181818182,1.25713993256264,0.783549911297261,148.382323113784,57.6009485240829,2869736764.23119,112.098096896893,11,63.168382913097,0.51295,1.30810373209284,0.813720233985464,84.391210921671,-25.2810909907693,240.965254117845,104.488244731669,11,4111.13600795845,0.243244787480356,0.635994074276474,0.602457246603495,163.020101716592,230.145379843152,6478132495.67335,17668.1471570899,0.0708508554474831,7974731.04654823,103.439465613378,570.598184616619
Australia,20,20707.1585748498,11866.991,-31621.2410218968,-0.330472517734873,38571692.8570934,9267.73855511872,20,1035.35792874249,0.5824390132,1.09421055905709,0.691075305354138,102.583461621146,126.01733800659,83649446168.96,120.315134985968,20,658.84695402044,0.51376,0.894206214676345,0.638979346856299,-6.05221744918397,16.4115596619791,213.608373184583,83.4025471907831,20,1127.0060440726,0.228058746080366,0.746713937382683,0.534919765440353,163.152340268305,256.956297562422,140274053366.196,14641.0315693442,0.0574474383071027,1779288.15740591,116.3860170276,551.242277526886
Philippines,6,19925.3487043816,22341,138187.907316753,-0.32085466623357,41769550.9170565,6020.52419112223,6,3320.89145073027,0.50349,1.68620690256199,0.98365207134865,190.713434274825,-35.0419619731697,24218648206.0706,72.8108940275862,6,1328.98879294128,0.504705,1.80390336562721,1.04661302665937,183.021069382653,-38.8234022032582,1348.8439501717,66.6162328383538,6,4864.9512330145,0.13479427109488,0.340474048997507,0.392707524311959,134.785886586726,17.0448525985089,39071723195.1678,33697.6174834546,0.04199719779406,9554711.40667083,49.3569423957446,1249.94496420254
Peru,6,19067.3363370774,17615,127064.758789592,0.0169180372488142,38521333.8709173,6856.17746138971,6,3177.8893895129,0.446978333333333,1.17099698439994,0.715186846860953,62.4346016496963,220.032943982218,156814567950.509,127.823872295261,6,3078.70759465304,0.395355,1.38655519486952,0.475636403187234,64.2429625621088,-4.10649018958998,284.757526184125,68.7518992266367,6,2252.52815520722,0.155145648913099,0.836261777548849,0.70735148076505,104.504359024006,462.218023355991,384115674767.2,36410.5801048282,0.0380272438480842,5632879.88808235,149.886183937801,703.789604863875
Uruguay,16,18698.71872994,10920.5,67827.0023954177,-0.00926157321168067,30080808.4373184,5974.44373823714,16,1168.66992062125,0.4769825,1.00163242531004,0.524068853825512,54.5758100028661,209.874698747346,35721891070.9469,140.882916542046,16,211.719817532572,0.526185,1.20060642760681,0.510373860372581,25.5657564472501,-11.6330816151948,73.3160872998075,53.9902024833185,16,2891.27426623073,0.185675563802384,0.650184154283915,0.427423621053817,119.004343540089,569.586500601636,142887562611.356,18746.5332147548,0.0556895206185444,4260256.79323996,276.09671575322,791.704633513126
Senegal,13,17992.1316810066,17342,111063.113304032,-0.784826495793867,36033886.7205111,5591.47990213372,13,1384.0101293082,0.452703846153846,1.66452552787027,1.15799584195236,229.027849039466,-29.5342433511571,66788488745.8037,97.61714719743,13,465.928763433628,0.41914,1.9,1.12083795624197,226.843467420226,-41.0211461756578,15085550868.215,92.5478730686441,13,1667.81208792265,0.198249792246148,0.414964886179637,0.751113772336647,152.176570908856,34.7966488209475,143133228280.337,12954.1624666135,0.0508344199451372,3651978.39770067,58.8802608793962,542.944803491285
New Zealand,20,16087.6119652733,12902.66,50731.5063470591,-0.770172257651351,20977005.0660255,4993.0476323889,20,804.380598263666,0.511142603,1.53709872114338,0.978546943426317,226.753845263978,-11.2463685668359,28081882616.2803,110.823862241081,20,141.653968268853,0.42037,1.9,0.765434787243437,262.315300305831,-40.2255038830797,2286.2801996685,102.617797180716,20,1329.26336438142,0.284454319238185,0.558557113189235,0.630802849830085,202.03276807812,60.1132033638047,71882485846.8551,10510.336269997,0.0503346059006975,2344797.80649932,93.3347802659253,566.039372323287
Sierra Leone,7,14143.7578343553,22250,109389.483824124,-0.539147757651095,38806771.8942079,5036.23220014783,7,2020.53683347933,0.565597142857143,1.81303220888019,1.2788937076009,266.469588643058,-42.7607924116529,198765862650.699,97.9345195765782,7,1668.99788315885,0.63505,1.9,1.40803054558238,300.701415031214,-45.5725454019049,59284503684.8717,90.1626330909137,7,2245.84961251791,0.218774421319791,0.228985935676163,0.54656529361406,149.66954718422,12.1033722225663,257809457256.307,19241.7609655973,0.0410085043814465,4641080.67029218,64.7661809919209,541.137469186379
Malaysia,7,13675.7903045911,13168,99991.2434916928,-0.559849721368596,49900859.0051222,7770.87955169993,7,1953.6843292273,0.498851428571429,1.9,1.05011174646357,292.849265052788,-45.388942458392,615595607943.983,113.25555390099,7,1013.94109950101,0.47153,1.9,0.995887821324171,289.002813003891,-45.5079510827082,317260656691.055,101.399419635335,7,2797.34526618668,0.187171713178797,2.39835584666591e-16,0.354366208905938,65.1994275979037,3.15912787452627,934838558426.745,16806.9864192619,0.0310067965711496,10931045.9346203,27.3812329473024,1709.37324159608
Turkey,12,13557.8634202637,10769,81368.1599585917,-0.206577665979145,25911250.2367461,4480.93258141467,12,1129.82195168865,0.445069166666667,1.37138734078243,0.704527712026898,117.683269558659,17.9148231163892,110266206423.353,78.7422546106929,12,536.549553499998,0.36606,1.72041317939343,0.747693294826263,120.280182636729,-37.2835030219344,272.121359101579,71.4396613806376,12,1214.22859589695,0.235827544981433,0.639184697519648,0.441956952192267,115.545819760737,111.948214884567,291152122954.329,12255.9667505689,0.0317823431731905,3190014.66828987,60.1725030120567,490.445171049531
Tunisia,15,12872.0756265734,12096,53518.3336704552,-0.752183026539792,25611489.4772314,4084.16138555638,15,858.138375104896,0.596504666666667,1.4866325207437,0.982796822856522,167.115941801462,-25.3548879463448,129448272993.051,66.2982071536393,15,486.232516702413,0.57449,1.72421555178456,0.86480567959507,183.690028229475,-40.5735016202831,530.17911879055,68.5870500292075,15,968.278583647903,0.233307242428356,0.439536886705368,0.531157128598847,156.877534205569,25.6825035239861,224895706051.4,6055.83632250074,0.0499997486959325,2428623.41891488,60.6668554529405,367.747336183237
Mexico,9,12504.9639024346,5048.5,26815.8168214131,0.087081796558272,32249858.684367,7232.7106260224,9,1389.44043360385,0.322092222222222,0.792414692363347,0.317937771577462,51.8716846423251,701.28258438883,142736024565.974,433.135194204858,9,703.89723493553,0.26262,0.624345076980879,0.16683097489893,-2.91308302544271,74.4488075052301,82.9016860932714,79.7663798017866,9,1388.01605310312,0.169202591940681,0.661983147399076,0.419903504310425,137.620378772376,1456.52423059572,428208072266.311,22353.1604633874,0.0490061699771148,5220593.78810866,770.879109128025,979.948645243346
Venezuela, Boliv Rep of,5,12252.0625992165,10057,107612.499981062,-0.157707763575992,27075523.7148877,4074.75795595243,5,2450.41251984329,0.484502,1.67613538613814,0.867745576939821,139.664939863299,-31.3293995850417,352440042779.616,56.1423405321707,5,2144.80890533517,0.40925,1.9,0.865220975931616,182.433914371614,-38.3681428467477,30040.2922703955,74.069266657852,5,1585.41786371767,0.153252306083791,0.315190640047414,0.10325923810936,87.6458263468155,13.0066213018152,566550013345.869,19400.9095352599,0.0147191627771973,5091282.16354225,37.6337166149497,767.73836216159
Morocco,8,11685.7730035099,10581,60315.4313542158,-0.468648050322455,35543856.5380491,4397.79285677392,8,1460.72162543874,0.52933875,1.47123651985499,0.9284799134964,169.710606270546,-26.8097428146475,117772322763.708,61.9706167342671,8,297.96785042348,0.524245,1.50916205836445,0.756766521738446,107.70496539699,-35.8941987655286,152.279590060261,35.7846651887601,8,2610.4062575468,0.224244051071754,0.42615171070488,0.650522312907195,194.955887370495,28.6109107819114,252668479996.577,11348.7969716084,0.0638382038359077,6860383.50683094,68.4318728123815,854.574529964229
Pakistan,7,9709.61980281991,4084,-15341.6013258633,-0.171403082213731,23365242.2720185,5476.31338649417,7,1387.08854325999,0.409648571428571,1.39222636970895,0.574521464692121,182.429335155909,156.887474596079,31656653035.2205,185.517993494221,7,713.278638835813,0.42112,1.72560107773668,0.71360611728226,134.344292334684,-33.0887782801181,448.509515823865,84.4453813263843,7,1619.86403030394,0.164787715908334,0.681652097112598,0.351774780432553,232.180687202539,495.392871491652,74379856815.247,27645.2804959341,0.0424094476601959,4262099.40390607,249.907671820906,1399.65991707889
Cuba,7,6417.04771966586,2163,-27795.9353308857,-0.154853925881739,11448161.4797324,3254.85578625113,7,916.721102809408,0.48709,1.17493868193491,0.577109894517035,125.262999519433,472.903918164553,18215384559.6487,317.18510070742,7,486.093400664117,0.52003,1.49462284439369,0.502178329487835,100.878140150577,-22.5602117352604,829.89101342298,109.199062000113,7,1096.12549930114,0.175550067312244,0.809209258682213,0.485472024663951,159.693452645905,892.25598698105,45690958750.5217,17389.0728402219,0.0796744248887195,2366867.7954047,431.94713504738,863.823033834633
Guinea,2,5927.42151640007,7670,32693.1749211483,-0.230279375132447,23324976.2401065,3659.45074208838,2,2963.71075820004,0.419505,1.93535879102859,0.967218182897505,430.509248916051,-48.292305661844,981543149057.542,174.436067125033,2,2963.71075820004,0.419505,1.93535879102859,0.967218182897505,430.509248916051,-48.292305661844,981543149057.542,174.436067125033,2,4033.60269413044,0.142842640867494,0.0500048818217482,0.480188625036978,26.5507581654022,0.918740317051452,1337096249703.68,21802.7762358905,0.036696501189387,15844841.6089447,18.6027872321078,2484.85093640973
Cute d'Ivoire,10,5857.24710709649,2660.5,22059.0750564518,0.0250772593811614,7998921.12255455,1883.8290001178,10,585.724710709649,0.295354,0.96128262059021,0.303519637619604,66.8180711985629,61.6465614557489,266739157.150875,97.8956269333627,10,121.110865678567,0.26639,0.948834705154326,0.309457014855827,29.9649327538372,24.9596626999486,115.253147585729,101.759809303625,10,1053.31278829076,0.167695952657713,0.574257011074736,0.220975734103364,127.552922590326,95.1674549514346,843502957.895493,9467.20964441344,0.0307883306628499,1719352.15903564,61.9868254870073,293.985064672447
Cameroon,6,5372.50845680516,1146,-29441.5967160688,0.00761628672144042,10772903.2694135,3285.44504442128,6,895.418076134193,0.340331666666667,0.780822862368168,0.327482680618821,80.2339522388239,385.453863461035,33006487545.5752,278.549160641352,6,650.79937825236,0.3548,0.452277742395442,0.17063708638416,-21.4982132817967,121.616279174376,181.607372781354,114.848116280578,6,554.84119264364,0.103587995717007,0.765483575256134,0.368822887180757,204.571123983678,710.059692706136,80849052057.5222,8724.87643320377,0.0789131748115098,1482592.79209227,423.006784879007,512.270630439587
Gambia,9,4983.23607229139,7370,30947.0863077848,-0.768084999604953,16611166.556902,2394.83226178172,9,553.692896921266,0.551025555555556,1.70707832069449,1.35487549865236,274.633821758919,-24.1859568312008,74061232015.968,119.339070548055,9,374.325829104953,0.53057,1.9,1.26807774062789,241.807118044665,-46.1637718012127,68582762705.9659,116.07358747578,9,357.728923671874,0.27232575870229,0.500323563357527,0.772800511389273,154.231824056901,68.1404972081634,83052906105.4595,2340.17348287804,0.0579984984662795,1222385.713822,52.4355014115322,141.211631032686
Namibia,4,4705.67019813075,717,-10592.0532306647,0.113731480416516,12773256.356219,2973.8829711735,4,1176.41754953269,0.367455,0.519436335142343,0.179810227253078,6.42838185068967,3015.79317738908,1230.84936327454,1632.37988270859,4,979.566228647647,0.2453,0.299470461475192,0.130460373781545,-36.6006130810176,1580.59376107799,752.751161246753,859.712400078568,4,1184.65167410557,0.296964167816029,0.681782698257245,0.217836167519511,92.6404049916192,4201.80034702314,1551.54150066933,13087.0924935727,0.0594161065606158,3024543.69813422,2233.51734082893,658.623657847508
South Africa,10,4243.28797410953,109838,24853.9093670422,-0.176972877108504,6059286.12152421,1005.85176421076,10,424.328797410953,0.5149110062,1.23807605048944,70.095896344814,89.7350773867115,-8.52047933268731,20340568071.0012,48.20306459032,10,270.972618566492,0.455395,1.09760572813973,0.639329500369828,37.3758934222794,-9.94821903187812,75.537922433624,55.5327238644025,10,359.45949394726,0.27996463520217,0.415949579739438,219.913605913376,120.376665754226,28.3921988765922,57653599118.0092,3914.16716442803,0.0400382275429661,890139.386426597,42.0102320013208,144.131692770087
Korea, Dem. People's Rep,1,3984.64216106241,3000,29214.3970189344,-0.0956620602765587,15587662.3232364,2488.89499473695,1,3984.64216106241,0.31936,1.9,0.752890693502104,400.103930238958,-46.7178630113978,1300230095729.28,166.466061195305,1,3984.64216106241,0.31936,1.9,0.752890693502104,400.103930238958,-46.7178630113978,1300230095729.28,166.466061195305,1,0,0,0,0,0,0,0,0,0,0,0,0
United Arab Emirates,1,3732.03716182103,3598,32864.4490045466,-0.0679463463807654,13325762.9010068,2083.35224056998,1,3732.03716182103,0.36384,1.9,0.964084719414844,308.179826777751,-44.297546422041,1190556913870.86,127.366178525471,1,3732.03716182103,0.36384,1.9,0.964084719414844,308.179826777751,-44.297546422041,1190556913870.86,127.366178525471,1,0,0,0,0,0,0,0,0,0,0,0,0
Gabon,4,3458.80585743651,2414,26131.5407269781,-0.0707635403964197,8801938.20575936,1482.1001211111,4,864.701464359127,0.3488625,1.39136365807933,0.579880419244298,155.245203154878,46.2475621396673,20792475959.2507,106.37008418218,4,858.440637174224,0.30279,1.69757943824142,0.62604181807946,164.252457364118,-33.5088932178041,1212.99464169509,107.97393019501,4,694.163746918163,0.126983071148611,0.766825132391583,0.395207218900494,158.574150894458,165.939364398965,41584950237.4789,7441.50327482571,0.0555927927870251,1843404.34667596,42.9124597485168,254.895393730513
Iceland,7,3109.22807823331,503.5,-8474.55313463982,-0.190169815760765,2318062.33931049,1185.79412181526,7,444.175439747616,0.43291,1.16946493756551,0.685340323969268,187.941539837035,369.978292776322,54834524.8533894,281.972585119122,7,88.8094082545256,0.34679,1.9,0.72421495772531,276.631003847098,-38.1955634833985,818.460758502668,147.405648779112,7,1001.7969071292,0.164833686787622,0.919641989841432,0.625140809533001,224.431978929206,778.741110758517,111061956.204525,3477.75089696076,0.110633086581105,433097.949298495,355.330001765209,329.001339567029
Faroe Islands,6,2984.97790304336,2790,11416.7998284423,-0.340771061602093,3179081.13100254,321.939708973911,6,497.496317173894,0.477725,1.50418537019744,0.706003686885892,153.004145541638,-32.851874809432,542449230.175953,56.5172552823595,6,223.719011604397,0.41363,1.48661262203513,0.667903412985926,154.785048593333,-32.1619001270509,292.259815038711,52.1279168466537,6,738.766149252302,0.206186398460228,0.378886935741417,0.267358672393988,121.119072093872,14.260591257799,1328723135.80157,2745.90941480423,0.0487136778061843,765288.624074674,51.6877852172537,69.9988729102306
Egypt,3,2957.23712943989,3131,20307.8618801202,-0.165342115208949,6378656.66323487,863.442788251284,3,985.745709813295,0.556823333333333,1.79215109292521,1.12998265282897,177.902994342879,-40.5042601759477,58000420144.8922,62.7568420407295,3,729.732080192982,0.68524,1.9,1.07714161755123,172.640565729039,-42.1923963933036,627.488780052637,57.6069775076976,3,660.639142084964,0.255102729176568,0.263839010958286,0.635942356839401,83.4957601290179,4.94914015728905,100459673923.104,3075.41456177706,0.0224930030702054,766930.366745067,37.3091594402917,103.168352640944
China, Hong Kong SAR,3,2266.6497308851,1165,-6155.77709713154,0.0238661069632797,4284984.69389993,948.092611355325,3,755.549910295034,0.614096666666667,0.724143781576148,0.479477781038061,13.4738675546997,474.872094641088,263.095660352377,255.405327242868,3,795.666303617821,0.71437,0.729726499059357,0.181373521341203,15.2083386113094,49.2329443383487,246.961386587968,71.9287958329517,3,107.225380127088,0.327146028759839,0.650997416565382,0.633270432449636,60.572593762345,814.554223599613,197.921957721569,9654.80114119634,0.0472680043236028,818201.631335459,376.174926485113,334.696929133848
Congo, Republic of,6,2098.15475232218,2764,16766.3748077867,-0.450138494961003,6178831.6139588,836.459496576897,6,349.692458720363,0.62487,1.82036867458641,1.30535824359764,232.338470885288,-43.7645519947553,60323931976.9911,85.9191063467362,6,385.411926244101,0.595355,1.9,1.16328344701254,245.656200614177,-44.8993118298766,21900835227.9063,98.2599354400992,6,247.263040430273,0.272005727586755,0.229693827462,0.564662698773859,76.9306556208175,3.55295453198586,81532166348.1926,2962.31841319463,0.0303183570541983,750798.835257241,39.4200381340454,124.225709475463
Libyan Arab Jamahiriya,1,1897.55352333778,990,1022.05585052981,0.00240729663117974,516107.236009077,138.298633598604,1,1897.55352333778,0.50759,1.02784612384318,0.521724414001561,4.86272658277063,2.8863848816677,9.31509250992011,7.88946846936025,1,1897.55352333778,0.50759,1.02784612384318,0.521724414001561,4.86272658277063,2.8863848816677,9.31509250992011,7.88946846936025,1,0,0,0,0,0,0,0,0,0,0,0,0
Saudi Arabia,7,1652.67702260658,1855,11958.4689791896,-0.712824566284695,4482748.48848832,675.731848641657,7,236.096717515226,0.553902857142857,1.78844592736773,1.19969651813354,296.068381987599,-43.7639831213313,33695172419.7854,115.451020153649,7,84.737797759124,0.45049,1.9,1.11028818741331,350.02043579474,-47.382443011803,22106069451.8522,132.025620201479,7,296.137299892622,0.244761715805004,0.19003601801629,0.555226169541139,146.404197871588,6.12177838874462,49788451560.2686,2320.92370638354,0.0462446864997501,710677.102191909,63.0128539717329,102.376676313238
Costa Rica,3,1641.86027583204,1090,13293.6633161412,-0.109513229914875,3911302.34853075,984.212791645326,3,547.286758610679,0.181823333333333,1.66340130695208,0.405278287596992,324.32325959823,-29.1740464403137,4488592212.78906,168.499872395174,3,95.6938675844505,0.1756,1.9,0.296789618515727,351.797543515889,-40.3119790577497,3523.607032965,169.669012390336,3,806.819747667915,0.0743206770241858,0.409800957363391,0.267561252129302,255.678371586998,20.3970649880305,7774466656.38159,6681.8940003612,0.0287746838000029,2031315.46164602,120.690547689764,507.162967845937
Guinea-Bissau,5,1215.94205555081,1030,11379.7227839092,-0.449688494192587,4898148.54101727,801.787385126351,5,243.188411110163,0.344336,1.91244745441442,0.947645513467035,472.254614745575,-46.3507934605523,76446280173.1544,208.111627604002,5,149.170418704074,0.28036,1.9,0.860512231431147,458.359820901911,-46.4278745681264,48545885712.7782,192.550233137981,5,214.300552933155,0.218272241776182,0.0278333542174819,0.614695844515708,153.868297896412,1.91263356936527,63638032061.9439,2768.67888506526,0.0267118544439101,914031.569818657,88.6627457778313,157.309954639478
Liberia,6,989.19989568205,582,-47.9150439758346,0.0615876116931082,1309204.88949221,288.514961848213,6,164.866649280342,0.58822,0.857877444899218,0.539726879977135,17.4101695438772,268.795015176109,158.396086130076,144.793708808745,6,119.366615080398,0.56019,0.930163674983093,0.494212537769071,0.695755772295653,20.3465722222895,23.8612450716703,43.2812519906421,6,121.95667753908,0.269196456588864,0.577635878509958,0.397780592686865,78.4345390892926,594.38538398594,229.525936065759,852.626587871034,0.0649708986000581,260915.573201416,279.72854295827,46.186657201901
Dominican Republic,5,929.054835534052,381,4321.26938660498,-0.0105965386894761,1255052.04848968,277.88284374472,5,185.81096710681,0.3446,1.1376630307728,0.396547804811785,47.4594910570574,5.35158220033579,92.4075770095665,45.5568790223385,5,165.871012051598,0.32194,0.991999979323613,0.334368509131355,34.1675911523076,13.915213493244,72.8863576648077,50.341014682134,5,83.5321910980565,0.0877937460756744,0.298424882419366,0.165429698508933,43.6014705952014,29.435466820198,69.5954060291027,672.376077191325,0.017932578091933,140140.481774859,12.4581398081602,27.4961481672878
Qatar,2,842.114596770486,631.5,7041.1883648612,-0.0236817197937232,2573174.00363549,398.13020565273,2,421.057298385243,0.291715,1.13503721540742,0.415577288580055,109.114086055779,49.9020771823685,1531.19740867364,108.669161858386,2,421.057298385243,0.291715,1.13503721540742,0.415577288580055,109.114086055779,49.9020771823685,1531.19740867364,108.669161858386,2,586.154314723191,0.174860435919621,0.966140875072606,0.48031088764294,162.580734818236,128.917115471664,2017.09897224878,4988.07619711382,0.064283349401161,1806161.59388487,25.8719491971486,276.758606930125
Kuwait,4,790.854716088189,453,-771.333091836208,-0.0688646603014869,1889491.3532232,447.194835710145,4,197.713679022047,0.6214075,1.27167784338813,0.754204578019289,134.278341366341,60.5595681743141,25691465025.7703,101.578006715499,4,162.046428227089,0.664545,1.48924729261709,0.832244286290183,140.478251621131,-22.975524181813,9453443840.1677,118.744079725434,4,192.59954159081,0.285417252150251,0.807846241942103,0.42680511851909,174.341584065349,183.049239533197,39789412965.6392,2376.48368873495,0.0594445412770104,431844.982306909,71.1154842890798,123.401979593656
Colombia,4,786.254564849321,174,-1324.00471701532,0.050615649548749,1473642.06246384,441.93561898838,4,196.56364121233,0.2186325,0.730049689163261,0.300496207381815,101.61334298279,189.175176748037,10126779955.0639,202.359685713204,4,158.028124565582,0.18565,0.403061356871424,0.115630035862361,-18.4949144850921,208.268825612003,201.98036461491,221.011198941497,4,138.90071363882,0.0949665847811745,0.79259715196231,0.427576410241601,242.778330338043,191.465478869843,20253559611.0202,1211.49737276058,0.0490215363437899,253267.985161417,97.585168119408,83.3751084544657
Yemen,1,772.635431983189,430,-1150.9298224063,0.0248726275062713,17916.0316038902,91.2099432092856,1,772.635431983189,0.92541,0.601394770041579,0.556536734144178,-13.7098617671824,32.176797077348,0.959489459868834,14.0555409097545,1,772.635431983189,0.92541,0.601394770041579,0.556536734144178,-13.7098617671824,32.176797077348,0.959489459868834,14.0555409097545,1,0,0,0,0,0,0,0,0,0,0,0,0
Kiribati,2,658.916475372356,176,-624.239552596954,0.10078493888996,748737.542098593,327.178675285769,2,329.458237686178,0.37587,0.595667224190374,0.219659563649828,-5.80346629292471,2255.53679318499,902.784757430169,1199.88590146626,2,329.458237686178,0.37587,0.595667224190374,0.219659563649828,-5.80346629292471,2255.53679318499,902.784757430169,1199.88590146626,2,104.354147385805,0.010408611819066,0.813533251158785,0.299582674203114,57.4531398178213,3198.94825878168,1212.61791411144,2446.53130918737,0.078369761793403,24587.6883806854,1659.96852760639,114.457826661585
Albania,4,598.65194882848,448,2510.24177705944,-0.484261724254771,1063165.06348477,132.433674065144,4,149.66298720712,0.4873625,1.63828386071168,0.851470157276677,324.713646189903,-41.9700025339853,5140033061.12178,100.435765846866,4,146.872839032168,0.46635,1.69260649891713,0.842008982415629,334.577246291226,-42.452769447695,2176215043.34535,106.974506282229,4,128.358089033373,0.0574717178996185,0.31495446360213,0.179244447150493,303.931482731964,20.1929736813053,7658404872.03401,583.880663125311,0.100327483119459,134527.405387079,91.2083468286413,21.0338289448866
Norway,5,589.36733291029,253.5,-627.370912896548,-0.027578539296842,1117884.02774892,155.018834027388,5,117.873466582058,0.559528,1.03588214026461,0.553452158002754,53.1911779516259,10.9960842241881,4201948010.37374,30.8110537956549,5,78.5277575493052,0.50428,0.978996036912557,0.522108376445836,20.0945149963926,-11.2168409847655,30.3751801568076,44.8108230866662,5,128.983873994276,0.237290861328455,0.522483284181899,0.285503866173956,97.2136795061381,72.2216406603577,9395841283.77721,1267.8818817609,0.0337357367362338,310427.421725527,28.8351812037927,53.8559073943027
Congo, Dem. Rep. of the,2,581.138227960939,349,3137.28693514673,-0.0713926774024188,971314.648563225,125.894327117939,2,290.56911398047,0.39329,1.36532199578256,0.566725548345231,89.3728183887438,-29.4169073517145,174.884426414821,29.7776190096587,2,290.56911398047,0.39329,1.36532199578256,0.566725548345231,89.3728183887438,-29.4169073517145,174.884426414821,29.7776190096587,2,54.9596925485487,0.128325738649735,0.463789430507528,0.357609698727833,78.8853133872961,9.85626519666916,184.393934330087,1280.75846491048,0.0128988869851782,420258.601232936,37.0146066432443,77.110173457637
Bahamas,1,503.748414909276,199,5635.79998680164,-0.0566724806481944,2132673.24252039,362.879938039753,1,503.748414909276,0.15074,1.9,0.395038463864625,561.249757815859,-43.2091903722712,156199747219.321,275.529091125022,1,503.748414909276,0.15074,1.9,0.395038463864625,561.249757815859,-43.2091903722712,156199747219.321,275.529091125022,1,0,0,0,0,0,0,0,0,0,0,0,0
Fiji, Republic of,4,499.490557386939,240,3852.50852844012,-0.0770055160354606,1267876.1057071,231.011043802963,4,124.872639346735,0.3291,1.45824546615279,0.47177128185308,165.466515945726,-4.82272104983716,19799531109.8039,90.2777806638694,4,127.841921333195,0.312895,1.70049471464754,0.46948755355218,204.539341959667,-33.5680817394345,15797756234.4596,97.7668760797497,4,34.4408432938577,0.0752688182450077,0.639710244197926,0.208280573779435,139.204357679922,62.695893386031,23778136423.3442,949.762706413856,0.0373862558595986,214820.10005607,38.0850600536108,25.677989766363
Mauritania,1,473.879200124567,500,4623.99039303313,-0.0560432957248369,1633003.70321897,254.848524484022,1,473.879200124567,0.35381,1.9,1.05512122048946,281.809931232011,-42.7665738911403,148382791310.631,118.522904867961,1,473.879200124567,0.35381,1.9,1.05512122048946,281.809931232011,-42.7665738911403,148382791310.631,118.522904867961,1,0,0,0,0,0,0,0,0,0,0,0,0
Singapore,5,460.603460576364,117,-1593.66297233174,0.0621679423627291,512355.944356724,182.616915586088,5,92.1206921152729,0.451738,0.81728167586839,0.334314930347807,17.3565265155282,74.2906231492042,81.5170801746312,68.880035141795,5,67.344040181283,0.35077,0.781886494835958,0.237585983212912,-6.14665417954984,15.4023892381142,84.7965572971225,66.4608888913606,5,56.5264746000679,0.242031207016781,0.439406700007254,0.193708012523011,50.7475472849872,110.342496731058,56.7920648107236,1046.89107403304,0.0169733681420785,72379.832560637,45.8683035386555,33.285847968429
Mauritius,1,358.989353715815,497,3255.66204511029,-0.0629134535577936,1237773.02712465,191.264973235053,1,358.989353715815,0.38839,1.9,1.38444217037544,282.415742020141,-43.7084870734381,113770304560.323,115.267606852476,1,358.989353715815,0.38839,1.9,1.38444217037544,282.415742020141,-43.7084870734381,113770304560.323,115.267606852476,1,0,0,0,0,0,0,0,0,0,0,0,0
Yugoslavia SFR,3,309.332260397781,121,2380.32983645409,0.00289415056191184,864268.104121166,160.764013250075,3,103.110753465927,0.431483333333333,1.16176808898506,0.327487227587898,118.004810406965,85.9715268116837,20545043832.9638,112.527522037056,3,58.3898010229015,0.25231,1.45762091691525,0.325399293492161,149.030153113261,-24.2496011743067,396.019720568038,122.209449199959,3,91.2845534460844,0.335827368499551,0.799295255065874,0.118313220568004,150.770956510862,201.75646357442,35585059345.0644,1417.4955830512,0.0517332327237567,324067.084775486,20.8092612294817,48.9892177387254
Algeria,1,304.256656284553,245,2454.86088971495,-0.030485375938928,575224.285952976,39.1236495909118,1,304.256656284553,0.59297,1.35797968933612,0.805241216385637,80.0933767805664,-36.0838221841278,416.673988867561,15.1088029376756,1,304.256656284553,0.59297,1.35797968933612,0.805241216385637,80.0933767805664,-36.0838221841278,416.673988867561,15.1088029376756,1,0,0,0,0,0,0,0,0,0,0,0,0
Belize,1,284.50492075129,166,1635.40224288303,-0.0560823949902246,789731.654003095,85.8335803345668,1,284.50492075129,0.38573,1.51263758932732,0.583469697331227,126.252467390799,-36.6580553422794,310.78872532332,43.312712681407,1,284.50492075129,0.38573,1.51263758932732,0.583469697331227,126.252467390799,-36.6580553422794,310.78872532332,43.312712681407,1,0,0,0,0,0,0,0,0,0,0,0,0
Puerto Rico,5,277.745387485022,222,1170.81456810362,-0.586234107582769,854862.321790081,133.217565758409,5,55.5490774970043,0.45807,1.66339386640689,0.788583587913311,261.203247335155,-39.8935590345621,10143816395.8504,99.9594536772533,5,67.3903830272346,0.49202,1.7585984802652,0.830979102424282,271.117817396399,-45.5904921088949,4485.48716908955,101.923378141591,5,26.3544882509611,0.0620145345866596,0.304137418142909,0.227779075283642,158.441054768021,14.7366284549333,14005092924.8885,158.170671290757,0.0562632730947725,131489.893925567,64.3152468756679,21.0403503834924
Channel Islands,8,269.241573200006,162,767.944868818544,-0.36043546574142,585734.110303575,108.883875133938,8,33.6551966500008,0.5066025,1.2534263808947,0.615622315771098,161.979139908461,-12.7817721158844,5083531615.36186,68.9317079735072,8,11.2677369615767,0.412315,1.14444815609508,0.514664773300491,58.2034560526866,-20.0214739775103,6434.70945043078,32.5719682758746,8,46.7849453707567,0.2364220445819,0.55126148234184,0.349751530247393,203.352033689342,39.5202489004099,12928085847.9227,252.927233099263,0.0702603802855939,149173.110934301,74.9091401303723,24.1273714241955
Israel,2,245.515282029846,161,-214.754602493063,-0.0100465651419536,207310.944911869,53.1226561972458,2,122.757641014923,0.61489,1.09967206922979,0.715867208967471,27.2020564016055,22.2549734120215,51.2244136300524,27.74285937801,2,122.757641014923,0.61489,1.09967206922979,0.715867208967471,27.2020564016055,22.2549734120215,51.2244136300524,27.74285937801,2,28.0339850858174,0.125780154237463,0.631098770062424,0.526373245202042,74.0488312223813,74.9991063921738,51.5278701762993,945.646394441109,0.0437370845456845,68878.7743839711,4.87202669083815,9.24729463198635
Benin,1,214.337908334676,55,-1855.09108089802,0.0469606687901564,234458.866342548,95.2751624278798,1,214.337908334676,0.73959,0.346954616771933,0.256604165018354,-38.2271825616322,191.466354284339,44.2080772381826,80.0469789263314,1,214.337908334676,0.73959,0.346954616771933,0.256604165018354,-38.2271825616322,191.466354284339,44.2080772381826,80.0469789263314,1,0,0,0,0,0,0,0,0,0,0,0,0
Togo,7,189.840192768792,66,-543.534446220024,-0.147378967761976,377376.150932933,103.449156429311,7,27.1200275383989,0.451092857142857,1.18226352476501,0.641498121721851,132.976323266482,386.735083041432,344537028.412427,264.397646937237,7,9.16163782570377,0.4031,1.48818925475029,0.694970878565704,81.1572377134656,-31.8863804414385,374.65613819767,61.0143869348667,7,31.7492645556955,0.233549239042098,0.70358128561856,0.510880298109001,181.553779381025,1049.95975071917,836277019.282529,237.459800489798,0.10333690542354,83675.6209348076,511.219714811271,26.2777114463658
Seychelles,1,120.435462382535,57,1092.62645417854,-0.0753635159472301,504329.077286102,84.1683591327258,1,120.435462382535,0.19093,1.9,0.473282527192472,507.381957580928,-45.0604023219739,38716060742.1821,233.693203863881,1,120.435462382535,0.19093,1.9,0.473282527192472,507.381957580928,-45.0604023219739,38716060742.1821,233.693203863881,1,0,0,0,0,0,0,0,0,0,0,0,0
Greenland,2,119.521444101753,29,-788.547112829792,0.0634046185308619,96831.8515693644,41.1289855726549,2,59.7607220508763,0.51984,0.531902886098147,0.281094048530374,-27.4788117157393,103.171476567907,22.9606273384398,45.7476099530898,2,59.7607220508763,0.51984,0.531902886098147,0.281094048530374,-27.4788117157393,103.171476567907,22.9606273384398,45.7476099530898,2,44.5677932914818,0.0762402531475335,0.12039971095668,0.103140996429747,6.45153608581366,49.4381210124899,16.0393892222913,369.419464840342,0.00872612354062879,53911.2112922763,22.7454316968095,19.965916273869
Eritrea,2,109.632155325441,53,838.280843285941,-0.151056576458298,451434.861132331,74.8605085560788,2,54.8160776627206,0.210875,1.82419300556837,0.439955730256969,418.525913383847,-42.5941457972533,17826333096.4788,191.88059165031,2,54.8160776627205,0.210875,1.82419300556837,0.439955730256969,418.525913383847,-42.5941457972533,17826333096.4788,191.88059165031,2,51.0472575915462,0.00423556961930742,0.107207279647946,0.0933782786587841,169.468375008406,6.82562535929784,16969315454.2512,327.231894461267,0.0435105364555741,228276.574500584,61.8921320386308,37.3293855852974
Serbia and Montenegro,6,59.2401973742896,57,230.87234400447,-0.47295457921365,131311.847571233,17.8782337714366,6,9.87336622904827,0.672903333333334,1.57762073267739,1.06851560703493,204.833261635826,-35.1767861688867,1210521030.2847,75.0477921226604,6,6.09047270249786,0.690395,1.66011615168452,1.03095730552752,152.732736649053,-40.6834875700761,952889915.783677,44.5453124439791,6,10.3288142530386,0.273274540685126,0.377313167448881,0.241496840488104,197.810689703926,15.6611519278047,1380088594.06194,28.7536410577344,0.0432863502137429,17294.7909420205,84.6110352998637,2.56314440382267
Sao Tome and Principe,1,47.1240462182505,30,222.473092731997,-0.079462283281821,111496.098403469,16.9464059810149,1,47.1240462182505,0.39812,1.59905972896512,0.636617659295594,153.052185396241,-38.2851974371792,254.59643464061,56.1706565981935,1,47.1240462182505,0.39812,1.59905972896512,0.636617659295594,153.052185396241,-38.2851974371792,254.59643464061,56.1706565981935,1,0,0,0,0,0,0,0,0,0,0,0,0
Palestine, Occupied Tr.,2,40.7791371368584,29,55.3021530804598,-0.119013141664466,44922.2989204228,7.84759349986072,2,20.3895685684292,0.3879,1.41013156200194,1.03737999472665,207.077981172654,-20.4123684751456,1803941776.78082,85.2527426841667,2,20.3895685684292,0.3879,1.41013156200194,1.03737999472665,207.077981172654,-20.4123684751456,1803941776.78082,85.2527426841667,2,13.3912989879337,0.0338986990900831,0.69277858879538,0.993440672184126,298.23154860261,39.6627048631227,2551158923.93472,52.4967126530021,0.0966579594379764,29331.7540606393,115.559992620567,4.10570727946876
Isle of Man,6,22.9502727423312,3,-192.762776077478,-0.131705658129185,39097.767450039,13.8748493030612,6,3.8250454570552,0.477976666666667,0.818346575092083,0.449702167154641,82.1046017205476,201.727233313509,38371901.2499776,158.899527935856,6,2.74964740408564,0.419795,0.700491995533095,0.276890427885112,6.80040261558256,56.7766909622526,60.0179293358858,91.7165359023762,6,4.02943925679243,0.25128259316289,0.681755142261686,0.460689159552693,211.071107902348,406.754561475663,93991309.325398,62.3707503529653,0.0841742021622713,10044.5843996291,210.689102106297,3.33677838926778
Falkland Is.(Malvinas),1,12.4520090722825,3,22.8474699278142,-0.0200645553581094,8525.29700050835,1.41754713929306,1,12.4520090722825,0.21087,1.14252846328414,0.240924977052726,30.588431460641,-13.5843244940731,26.2304715029572,12.8488751793073,1,12.4520090722825,0.21087,1.14252846328414,0.240924977052726,30.588431460641,-13.5843244940731,26.2304715029572,12.8488751793073,1,0,0,0,0,0,0,0,0,0,0,0,0
St. Pierre and Miquelon,2,10.848812518437,3,78.1811018818317,-0.0581523981421898,25898.9586466061,5.78860257310763,2,5.4244062592185,0.186985,1.48529018043132,0.452352388935328,244.331744733655,-18.0031856830841,484269686.490966,141.152110526594,2,5.42440625921851,0.186985,1.48529018043132,0.452352388935328,244.331744733655,-18.0031856830841,484269686.490966,141.152110526594,2,4.06450249536073,0.105252844379618,0.586488251283319,0.469303749229751,209.152294493087,39.386563687179,684860508.948304,17.814879419609,0.0505424758385688,423.551914837978,35.8777766203697,1.84466336640137
Trinidad and Tobago,1,7.75151085947164,3,-2.66244118549621,0.00942106481546121,518.208150712377,0.288792363829151,1,7.75151085947164,0.39109,0.989596575053212,0.387021324537561,-4.07135624436097,8.29986811039054,2.6215342141654,3.89059466744348,1,7.75151085947164,0.39109,0.989596575053212,0.387021324537561,-4.07135624436097,8.29986811039054,2.6215342141654,3.89059466744348,1,0,0,0,0,0,0,0,0,0,0,0,0
Reunion,1,1.91777174219509,0.5,10.2522500694679,-0.0799561565326384,5684.56114930982,0.96153150088399,1,1.91777174219509,0.16351,1.59451559312039,0.260719244631114,224.548281152577,-38.1923789906594,890.942092289412,100.595571607114,1,1.91777174219509,0.16351,1.59451559312039,0.260719244631114,224.548281152577,-38.1923789906594,890.942092289412,100.595571607114,1,0,0,0,0,0,0,0,0,0,0,0,0
Palau,1,0.802070722502041,1,4.3004852906323,-0.167243407826082,1745.00704203914,0.493257705241435,1,0.802070722502041,0.61449,1.9,1.24677284925764,454.949915164761,-52.4763570873785,119888658.814859,163.732416026797,1,0.802070722502041,0.61449,1.9,1.24677284925764,454.949915164761,-52.4763570873785,119888658.814859,163.732416026797,1,0,0,0,0,0,0,0,0,0,0,0,0
